"","eh1","eh2","p.val","adj.pval"
"1",622,691,0.74602571761667,1
"2",434,395,0.516851038738897,0.99590037707584
"3",284,351,0.295308622780783,0.99590037707584
"4",687,755,0.29531281356774,0.99590037707584
"5",889,1014,0.4868188493423,0.99590037707584
"6",738,879,0.299273770780274,0.99590037707584
"7",1072,1249,0.520516905389685,0.99590037707584
"8",283,276,0.808376160565064,1
"9",589,646,0.534826820298508,0.99590037707584
"10",676,667,0.958173821548128,1
"11",533,524,0.819194058355128,1
"12",663,973,0.249620646907828,0.99590037707584
"13",246,254,0.754233844576928,1
"14",346,221,0.171878471002265,0.99590037707584
"15",681,672,0.847419738600317,1
"16",335,372,0.68606281971353,1
"17",456,485,0.849896190329754,1
"18",281,305,0.531256298468918,0.99590037707584
"19",506,449,0.736158712798977,1
"20",317,314,0.954475064773092,1
"21",639,651,0.796623036102952,1
"22",703,735,0.755060199009087,1
"23",489,536,0.764033909329721,1
"24",903,745,0.279723411613372,0.99590037707584
"25",744,811,0.427011794922333,0.99590037707584
"26",366,408,0.146247491994717,0.99590037707584
"27",356,344,0.836576793729128,1
"28",666,882,0.156774398775695,0.99590037707584
"29",819,664,0.16127675778829,0.99590037707584
"30",417,247,0.12002381663055,0.99590037707584
"31",670,717,0.741833256073134,1
"32",529,628,0.550871872757206,0.99590037707584
"33",791,782,0.927465620411555,1
"34",667,614,0.343241102832794,0.99590037707584
"35",477,577,0.00273472736019669,0.434786644390243
"36",420,418,0.993315691806192,1
"37",323,377,0.24059731251582,0.99590037707584
"38",273,241,0.687590844085457,1
"39",556,554,0.995609653621682,1
"40",864,818,0.673948681013258,1
"41",937,873,0.210262062344342,0.99590037707584
"42",296,333,0.222362235135847,0.99590037707584
"43",855,823,0.881928253272309,1
"44",324,408,0.293806871891887,0.99590037707584
"45",540,309,0.0549021213291375,0.99590037707584
"46",491,358,0.195564976409596,0.99590037707584
"47",388,402,0.696402027955288,1
"48",628,603,0.596138939434145,0.99590037707584
"49",469,399,0.202022468744511,0.99590037707584
"50",174,185,0.601685108431101,0.99590037707584
"51",560,522,0.747945684019688,1
"52",117,95,0.287617704866519,0.99590037707584
"53",294,291,0.943538082485232,1
"54",420,412,0.890161207534853,1
"55",219,207,0.692756931037478,1
"56",613,519,0.350746733991288,0.99590037707584
"57",355,337,0.541138833523556,0.99590037707584
"58",696,413,0.0456469806233973,0.99590037707584
"59",792,569,0.226842776251556,0.99590037707584
"60",169,170,0.999936657516334,1
"61",258,260,0.979216994129129,1
"62",734,768,0.395032188194682,0.99590037707584
"63",445,735,0.0620708935093545,0.99590037707584
"64",864,780,0.764826138830447,1
"65",942,920,0.86947921783671,1
"66",438,438,1,1
"67",338,508,0.22307639436837,0.99590037707584
"68",546,481,0.704784565160747,1
"69",559,515,0.457448083722015,0.99590037707584
"70",515,608,0.563775321617059,0.99590037707584
"71",870,701,0.528786649690001,0.99590037707584
"72",257,356,0.0070303141129607,0.70303141129607
"73",241,281,0.559679123544829,0.99590037707584
"74",1220,1219,0.999936657516334,1
"75",510,496,0.886402636938544,1
"76",246,288,0.384652356688323,0.99590037707584
"77",314,319,0.906822148847716,1
"78",1079,830,0.452502899776245,0.99590037707584
"79",398,438,0.333788242893613,0.99590037707584
"80",484,566,0.614000153172308,0.99590037707584
"81",329,717,0.0110498622795592,0.736657485303947
"82",513,734,0.156102372846059,0.99590037707584
"83",658,558,0.129785045992275,0.99590037707584
"84",120,151,0.287448816163536,0.99590037707584
"85",1100,1107,0.963625471555673,1
"86",307,327,0.465797182403182,0.99590037707584
"87",619,584,0.830442767542402,1
"88",563,693,0.431479859344512,0.99590037707584
"89",1138,781,0.0244778480418442,0.941455693917085
"90",190,178,0.614533305422849,0.99590037707584
"91",819,634,0.136679796941366,0.99590037707584
"92",407,406,0.999936657516334,1
"93",753,705,0.569896824504544,0.99590037707584
"94",1089,1163,0.248107326955053,0.99590037707584
"95",894,906,0.969892122498516,1
"96",316,345,0.407952237560819,0.99590037707584
"97",453,399,0.438139665128682,0.99590037707584
"98",127,184,0.00871734089935978,0.736657485303947
"99",386,356,0.780757409064085,1
"100",395,340,0.17739372403282,0.99590037707584
"101",552,586,0.365956905450941,0.99590037707584
"102",511,478,0.310925115005577,0.99590037707584
"103",629,971,0.0823471110011282,0.99590037707584
"104",1439,1256,0.590512077414999,0.99590037707584
"105",802,948,0.522374681579215,0.99590037707584
"106",696,1195,0.092227647067559,0.99590037707584
"107",1098,1057,0.574282674330046,0.99590037707584
"108",571,625,0.544560792828919,0.99590037707584
"109",310,292,0.624730865813507,1
"110",680,646,0.365509051663921,0.99590037707584
"111",219,238,0.451271525773993,0.99590037707584
"112",265,256,0.816309693445815,1
"113",725,831,0.0851864335445051,0.99590037707584
"114",482,570,0.0165381386137291,0.870428348091007
"115",462,599,0.419495400224667,0.99590037707584
"116",856,752,0.352225598082372,0.99590037707584
"117",959,811,0.40974316968795,0.99590037707584
"118",1054,1401,0.111775899885632,0.99590037707584
"119",162,133,0.28266963417622,0.99590037707584
"120",737,734,0.977502517958993,1
"121",386,386,1,1
"122",1075,1044,0.514830593808753,0.99590037707584
"123",488,514,0.612325270918348,0.99590037707584
"124",290,287,0.935362903969957,1
"125",304,310,0.932913784993701,1
"126",501,445,0.666048973260466,1
"127",1074,852,0.164993632507229,0.99590037707584
"128",1355,1519,0.639016091295779,1
"129",519,500,0.904112037952197,1
"130",196,211,0.614575465822647,0.99590037707584
"131",847,516,0.0585013172763371,0.99590037707584
"132",806,794,0.911628099552613,1
"133",410,558,0.248131344681694,0.99590037707584
"134",204,149,0.313218741379903,0.99590037707584
"135",217,543,0.000408988465262379,0.408988465262379
"136",433,474,0.794117466908841,1
"137",261,189,0.162394980503878,0.99590037707584
"138",631,537,0.0160786414787635,0.870428348091007
"139",405,502,0.401355439408005,0.99590037707584
"140",461,495,0.490507143730222,0.99590037707584
"141",173,142,0.125009179228763,0.99590037707584
"142",288,281,0.816145592071069,1
"143",436,391,0.700990675949064,1
"144",353,337,0.815715614906462,1
"145",530,566,0.656448317309525,1
"146",734,518,0.307224797882558,0.99590037707584
"147",578,604,0.48455125946567,0.99590037707584
"148",350,332,0.710302731205494,1
"149",195,142,0.387502347678378,0.99590037707584
"150",717,852,0.0695266187698597,0.99590037707584
"151",473,268,0.0623773019300878,0.99590037707584
"152",399,347,0.548674542477687,0.99590037707584
"153",428,1410,0.00687998482164946,0.70303141129607
"154",309,295,0.797305935886371,1
"155",726,715,0.798392078202266,1
"156",704,647,0.804159296825049,1
"157",850,891,0.819008319664561,1
"158",383,414,0.613954327760113,0.99590037707584
"159",239,259,0.703538438028122,1
"160",1044,905,0.640991416740564,1
"161",757,782,0.694499235166351,1
"162",314,430,0.0378114358185536,0.99590037707584
"163",331,254,0.317114002557,0.99590037707584
"164",219,253,0.611631314848067,0.99590037707584
"165",592,732,0.499246189565461,0.99590037707584
"166",629,755,0.595923524214486,0.99590037707584
"167",142,133,0.70039572922432,1
"168",653,789,0.442733352485516,0.99590037707584
"169",724,742,0.936396061714416,1
"170",298,298,1,1
"171",173,241,0.312744801298207,0.99590037707584
"172",305,402,0.105256855240857,0.99590037707584
"173",263,239,0.765748331226798,1
"174",337,267,0.390314571767699,0.99590037707584
"175",655,561,0.415978600850955,0.99590037707584
"176",828,696,0.171404462210412,0.99590037707584
"177",829,839,0.846657126123862,1
"178",702,872,0.18163625482835,0.99590037707584
"179",890,975,0.556197337757434,0.99590037707584
"180",464,449,0.873981391237749,1
"181",430,492,0.404987715647967,0.99590037707584
"182",1369,1372,0.991926960439872,1
"183",850,772,0.525266303953294,0.99590037707584
"184",372,446,0.519984397421587,0.99590037707584
"185",1025,1046,0.91332582360278,1
"186",394,493,0.469236036576603,0.99590037707584
"187",449,571,0.449002550653012,0.99590037707584
"188",229,166,0.185561139825351,0.99590037707584
"189",544,683,0.219759612181331,0.99590037707584
"190",831,776,0.748142511645192,1
"191",324,291,0.497069133051716,0.99590037707584
"192",207,258,0.292478840587574,0.99590037707584
"193",222,270,0.483867368659998,0.99590037707584
"194",500,483,0.851354187328829,1
"195",606,442,0.327187169366954,0.99590037707584
"196",1094,1127,0.804994510659481,1
"197",525,524,0.999936657516334,1
"198",315,389,0.168865685535573,0.99590037707584
"199",800,737,0.115648779835577,0.99590037707584
"200",188,262,0.0202421245048676,0.941455693917085
"201",1025,1279,0.385318672802273,0.99590037707584
"202",766,812,0.758458237683104,1
"203",452,430,0.615009910986642,0.99590037707584
"204",743,735,0.976446913367892,1
"205",400,421,0.49210860113024,0.99590037707584
"206",1289,1149,0.616462333409945,0.99590037707584
"207",656,553,0.137896272801121,0.99590037707584
"208",938,826,0.368330748027622,0.99590037707584
"209",820,1031,0.0677182219969578,0.99590037707584
"210",233,163,0.305912907593246,0.99590037707584
"211",951,759,0.243575713162224,0.99590037707584
"212",1166,869,0.0714998861672738,0.99590037707584
"213",840,1034,0.327365161139213,0.99590037707584
"214",300,303,0.985023866600487,1
"215",748,753,0.978104416962795,1
"216",423,1032,0.00999098822182052,0.736657485303947
"217",664,575,0.596500801577269,0.99590037707584
"218",400,419,0.716274837123977,1
"219",963,1274,0.36521153060073,0.99590037707584
"220",526,591,0.696735032156886,1
"221",197,217,0.437805459267584,0.99590037707584
"222",770,616,0.487794817938331,0.99590037707584
"223",573,421,0.247674613039671,0.99590037707584
"224",508,499,0.842672255018217,1
"225",334,247,0.222164930930835,0.99590037707584
"226",691,609,0.417785925241315,0.99590037707584
"227",738,799,0.506729219902721,0.99590037707584
"228",178,291,0.101411907223788,0.99590037707584
"229",582,451,0.441014979466055,0.99590037707584
"230",606,519,0.639258059456899,1
"231",1547,1539,0.987155609171037,1
"232",744,904,0.45129128214182,0.99590037707584
"233",2090,2059,0.652937376494589,1
"234",252,245,0.794077313286272,1
"235",145,99,0.310609657967959,0.99590037707584
"236",1444,1391,0.400672054820205,0.99590037707584
"237",123,128,0.8140337109136,1
"238",1297,875,0.201981002274657,0.99590037707584
"239",271,381,0.159298600312337,0.99590037707584
"240",1013,632,0.182604726852001,0.99590037707584
"241",440,443,0.946294715681753,1
"242",993,701,0.0295389605894136,0.952869696432698
"243",819,830,0.822996023660059,1
"244",971,990,0.695212138164496,1
"245",374,279,0.266834152704856,0.99590037707584
"246",1468,1561,0.301068326298482,0.99590037707584
"247",281,247,0.646706780598204,1
"248",454,491,0.497791240156799,0.99590037707584
"249",809,722,0.438360351673514,0.99590037707584
"250",786,727,0.318346704811841,0.99590037707584
"251",629,711,0.666213104593258,1
"252",483,357,0.362053520809738,0.99590037707584
"253",841,946,0.487160329901382,0.99590037707584
"254",133,131,0.965179466813877,1
"255",570,497,0.027682761743514,0.952869696432698
"256",466,492,0.557641186675828,0.99590037707584
"257",516,426,0.219565987548859,0.99590037707584
"258",849,825,0.887572701191495,1
"259",312,296,0.785885103943254,1
"260",418,573,0.0216556254413394,0.941455693917085
"261",1619,1335,0.228661475705531,0.99590037707584
"262",394,384,0.79423868374226,1
"263",1079,1318,0.361348570861272,0.99590037707584
"264",358,387,0.305796839684361,0.99590037707584
"265",511,488,0.898219414579729,1
"266",831,805,0.563118780692613,0.99590037707584
"267",388,372,0.821955350570132,1
"268",339,332,0.946038226879792,1
"269",580,588,0.937607041634914,1
"270",715,923,0.260970657137894,0.99590037707584
"271",311,275,0.417531629192147,0.99590037707584
"272",502,460,0.472474383271773,0.99590037707584
"273",416,845,0.0530921479906506,0.99590037707584
"274",404,358,0.235460630167768,0.99590037707584
"275",418,427,0.824940459420834,1
"276",510,627,0.376917750976045,0.99590037707584
"277",224,221,0.96178136230313,1
"278",264,355,0.35835092676734,0.99590037707584
"279",754,1191,0.105878034980275,0.99590037707584
"280",629,563,0.535032470227906,0.99590037707584
"281",459,418,0.311546159210862,0.99590037707584
"282",489,529,0.764294266604675,1
"283",351,297,0.574998275169681,0.99590037707584
"284",3807,2004,0.0323598583522199,0.980601768249087
"285",276,253,0.809475012222965,1
"286",157,136,0.308089297179257,0.99590037707584
"287",519,400,0.299763874036944,0.99590037707584
"288",455,538,0.553853610987651,0.99590037707584
"289",317,374,0.443388220972738,0.99590037707584
"290",343,303,0.482665898856678,0.99590037707584
"291",105,107,0.962822728439414,1
"292",453,470,0.87449931945418,1
"293",637,742,0.372015951916792,0.99590037707584
"294",932,780,0.0960305452386168,0.99590037707584
"295",372,300,0.51184241737002,0.99590037707584
"296",180,181,0.999936657516334,1
"297",241,301,0.0497196719584932,0.99590037707584
"298",138,197,0.0235686289597777,0.941455693917085
"299",212,260,0.491379015429447,0.99590037707584
"300",540,502,0.360514885858522,0.99590037707584
"301",330,334,0.960418489154612,1
"302",231,221,0.749625950728854,1
"303",847,926,0.13371017569473,0.99590037707584
"304",922,971,0.69053704668302,1
"305",645,622,0.852125291880705,1
"306",347,340,0.820972329367527,1
"307",496,442,0.373465555435356,0.99590037707584
"308",1079,977,0.679662133040453,1
"309",260,282,0.701515366527067,1
"310",219,222,0.935852142851071,1
"311",341,320,0.619769701038104,0.999628550061459
"312",562,485,0.506566415993954,0.99590037707584
"313",315,389,0.429815753224963,0.99590037707584
"314",696,721,0.897082563507194,1
"315",770,702,0.451066915210906,0.99590037707584
"316",1074,1123,0.839696099033745,1
"317",539,474,0.328840202080763,0.99590037707584
"318",505,513,0.932160304966323,1
"319",346,566,0.0530638828114836,0.99590037707584
"320",790,798,0.947932086647071,1
"321",1354,1294,0.273877701330052,0.99590037707584
"322",664,816,0.529004544875243,0.99590037707584
"323",807,1030,0.473202351826732,0.99590037707584
"324",735,725,0.915227905183907,1
"325",358,312,0.597236930505043,0.99590037707584
"326",1187,1582,0.183680851090518,0.99590037707584
"327",487,397,0.502841567829316,0.99590037707584
"328",884,835,0.831733197161567,1
"329",640,737,0.326044093056571,0.99590037707584
"330",431,438,0.844826044331387,1
"331",2016,2213,0.700865181950341,1
"332",443,702,0.152497489096123,0.99590037707584
"333",346,324,0.752006675462405,1
"334",315,318,0.966958396903858,1
"335",3134,1983,0.0514945266355875,0.99590037707584
"336",602,596,0.962706020679421,1
"337",485,586,0.44465004825739,0.99590037707584
"338",492,465,0.853523927389496,1
"339",270,236,0.195645767937954,0.99590037707584
"340",201,242,0.396697345594726,0.99590037707584
"341",499,553,0.652260509453723,1
"342",415,512,0.386972686051375,0.99590037707584
"343",603,505,0.0660717084029123,0.99590037707584
"344",573,606,0.352259807572743,0.99590037707584
"345",178,163,0.496144104192966,0.99590037707584
"346",651,558,0.460722200223795,0.99590037707584
"347",959,620,0.136739583619561,0.99590037707584
"348",663,782,0.488110591590954,0.99590037707584
"349",522,458,0.672231053735054,1
"350",723,794,0.436899828448374,0.99590037707584
"351",669,492,0.289585415775006,0.99590037707584
"352",893,888,0.989412179582083,1
"353",291,256,0.208516418294722,0.99590037707584
"354",331,352,0.444136200891589,0.99590037707584
"355",163,224,0.24700910151984,0.99590037707584
"356",294,287,0.825172378258777,1
"357",828,623,0.218833987018149,0.99590037707584
"358",673,1053,0.17007452732259,0.99590037707584
"359",451,363,0.283763537676708,0.99590037707584
"360",279,309,0.360767760019516,0.99590037707584
"361",643,446,0.220140039214102,0.99590037707584
"362",359,381,0.715747509822009,1
"363",537,695,0.328139942560781,0.99590037707584
"364",553,553,1,1
"365",190,174,0.810972238532264,1
"366",246,338,0.0277092330304239,0.952869696432698
"367",217,310,0.152902430438998,0.99590037707584
"368",1110,890,0.341502425757487,0.99590037707584
"369",168,195,0.653946264403638,1
"370",1153,936,0.194179384098407,0.99590037707584
"371",297,280,0.531526572529108,0.99590037707584
"372",581,657,0.592521644390585,0.99590037707584
"373",514,484,0.793414580657892,1
"374",1009,908,0.715083684351648,1
"375",303,315,0.88969966306327,1
"376",1061,1079,0.953431929201267,1
"377",581,640,0.534154615574412,0.99590037707584
"378",849,1017,0.239677822357817,0.99590037707584
"379",80,382,0.00140069059741943,0.434786644390243
"380",1025,1011,0.967706773961534,1
"381",1452,2761,0.00889108307967556,0.736657485303947
"382",210,215,0.951511166639346,1
"383",672,876,0.191200891827533,0.99590037707584
"384",999,1106,0.748172739059676,1
"385",226,249,0.31282603776818,0.99590037707584
"386",452,669,0.107314640687768,0.99590037707584
"387",1324,1461,0.546477510487383,0.99590037707584
"388",508,507,0.999936657516334,1
"389",739,657,0.601590613956008,0.99590037707584
"390",607,378,0.119179143165813,0.99590037707584
"391",334,360,0.795496724825327,1
"392",487,503,0.829549256735853,1
"393",418,422,0.955248254824134,1
"394",377,367,0.86638083885444,1
"395",178,170,0.894638998955234,1
"396",224,214,0.791507315990994,1
"397",567,955,0.113635883607033,0.99590037707584
"398",132,110,0.34234716628728,0.99590037707584
"399",1057,942,0.372120628293009,0.99590037707584
"400",304,281,0.555059578186568,0.99590037707584
"401",340,393,0.640776664366738,1
"402",442,449,0.929029457257172,1
"403",468,504,0.263826121668956,0.99590037707584
"404",2153,1606,0.100248906691959,0.99590037707584
"405",922,998,0.657318926441726,1
"406",1351,819,0.0813873360329584,0.99590037707584
"407",490,500,0.803128587121866,1
"408",545,603,0.648828083727462,1
"409",964,1240,0.287452391675695,0.99590037707584
"410",384,429,0.413347474553318,0.99590037707584
"411",290,315,0.543636991409678,0.99590037707584
"412",367,403,0.721878254016199,1
"413",448,463,0.917888378129777,1
"414",703,513,0.00264295234341442,0.434786644390243
"415",539,469,0.531801551357231,0.99590037707584
"416",575,657,0.596396342924638,0.99590037707584
"417",616,587,0.86750844630938,1
"418",580,415,0.157623634300249,0.99590037707584
"419",200,234,0.562392328623691,0.99590037707584
"420",246,234,0.645682146163497,1
"421",530,413,0.42012577551823,0.99590037707584
"422",616,461,0.339842124708714,0.99590037707584
"423",364,781,0.0396105065960376,0.99590037707584
"424",604,659,0.129871369301731,0.99590037707584
"425",556,407,0.0236617558899369,0.941455693917085
"426",269,256,0.601317276856656,0.99590037707584
"427",697,1119,0.0926263492815581,0.99590037707584
"428",210,195,0.510250247296283,0.99590037707584
"429",343,427,0.117810334116201,0.99590037707584
"430",383,390,0.937987811783037,1
"431",702,628,0.703261874375837,1
"432",496,600,0.429448942009084,0.99590037707584
"433",1126,956,0.296894578390541,0.99590037707584
"434",310,386,0.529386280409976,0.99590037707584
"435",466,543,0.441397111628097,0.99590037707584
"436",975,848,0.18037398189066,0.99590037707584
"437",447,412,0.472793464934736,0.99590037707584
"438",905,936,0.816619101654314,1
"439",541,515,0.804854170534253,1
"440",457,504,0.286790430133956,0.99590037707584
"441",1016,1088,0.59801498782081,0.99590037707584
"442",762,639,0.328972037481397,0.99590037707584
"443",274,285,0.675597126693232,1
"444",197,196,0.999936657516334,1
"445",709,785,0.595294466933298,0.99590037707584
"446",2818,2355,0.566950563494725,0.99590037707584
"447",550,603,0.743697756123288,1
"448",556,489,0.610563884900285,0.99590037707584
"449",121,132,0.785044406727537,1
"450",1419,1568,0.478497353021128,0.99590037707584
"451",849,823,0.544244823591405,0.99590037707584
"452",884,837,0.379836863759624,0.99590037707584
"453",537,395,0.384229787695167,0.99590037707584
"454",376,484,0.298920595640164,0.99590037707584
"455",445,284,0.183286310347754,0.99590037707584
"456",93,83,0.597127916499402,0.99590037707584
"457",489,548,0.672045277421788,1
"458",273,361,0.244173763065928,0.99590037707584
"459",1216,1276,0.724986406913124,1
"460",317,295,0.396052353581685,0.99590037707584
"461",607,573,0.750494692235763,1
"462",424,426,0.990457601519927,1
"463",402,551,0.250221729914206,0.99590037707584
"464",3021,2956,0.860603834505427,1
"465",515,612,0.543623301776008,0.99590037707584
"466",189,307,0.0997177434753639,0.99590037707584
"467",655,797,0.472511504807054,0.99590037707584
"468",205,179,0.28521423764626,0.99590037707584
"469",252,238,0.860377334465245,1
"470",681,843,0.175332191654569,0.99590037707584
"471",621,617,0.986813579989146,1
"472",710,713,0.968190448158557,1
"473",943,1001,0.403015287213498,0.99590037707584
"474",368,650,0.049291146868014,0.99590037707584
"475",533,641,0.456626804934808,0.99590037707584
"476",508,514,0.976931614602574,1
"477",441,483,0.601484834700632,0.99590037707584
"478",620,541,0.245712284182408,0.99590037707584
"479",517,467,0.412474617877102,0.99590037707584
"480",505,526,0.568574220576638,0.99590037707584
"481",525,551,0.854598274224868,1
"482",844,752,0.13655086796611,0.99590037707584
"483",771,756,0.837288931715161,1
"484",226,189,0.376450966029424,0.99590037707584
"485",388,475,0.558914161703065,0.99590037707584
"486",611,788,0.0495664735447518,0.99590037707584
"487",373,446,0.159572994418123,0.99590037707584
"488",632,656,0.679287112959632,1
"489",346,337,0.765921662461534,1
"490",317,322,0.8743050444103,1
"491",524,593,0.55468054926132,0.99590037707584
"492",592,430,0.23826989232467,0.99590037707584
"493",328,337,0.795077529835027,1
"494",376,318,0.369995837697915,0.99590037707584
"495",467,508,0.589048171225313,0.99590037707584
"496",461,455,0.893018956431699,1
"497",897,816,0.68488900346051,1
"498",1049,969,0.76761087193509,1
"499",366,359,0.957082926402465,1
"500",309,294,0.80275390941058,1
"501",581,587,0.957070829976094,1
"502",375,335,0.336574143863393,0.99590037707584
"503",299,283,0.753839644889304,1
"504",1316,885,0.213729530448286,0.99590037707584
"505",1149,1421,0.163832093965986,0.99590037707584
"506",575,465,0.139597222649371,0.99590037707584
"507",1085,1161,0.303514257045925,0.99590037707584
"508",353,393,0.224574870879033,0.99590037707584
"509",635,630,0.96990339427629,1
"510",531,643,0.281468443332599,0.99590037707584
"511",492,564,0.366453380786494,0.99590037707584
"512",755,758,0.963262727410945,1
"513",492,428,0.558236756191048,0.99590037707584
"514",157,134,0.373521566333458,0.99590037707584
"515",349,282,0.106496483794975,0.99590037707584
"516",222,192,0.458661020512475,0.99590037707584
"517",300,321,0.554335372603076,0.99590037707584
"518",313,294,0.504349913624439,0.99590037707584
"519",759,631,0.469886485994189,0.99590037707584
"520",900,638,0.0028036725510787,0.434786644390243
"521",177,186,0.761735452449288,1
"522",339,652,0.0192605795142104,0.941455693917085
"523",399,324,0.417253730339759,0.99590037707584
"524",501,613,0.56115000732605,0.99590037707584
"525",474,672,0.0417968544955469,0.99590037707584
"526",674,674,1,1
"527",187,188,0.999936657516334,1
"528",2385,1712,0.215071551328145,0.99590037707584
"529",248,319,0.400295707752495,0.99590037707584
"530",320,224,0.0497115517672449,0.99590037707584
"531",630,604,0.863458802063176,1
"532",525,485,0.710954025081563,1
"533",561,714,0.428721753271071,0.99590037707584
"534",494,688,0.277112456335173,0.99590037707584
"535",401,356,0.508587831280338,0.99590037707584
"536",512,594,0.558445527799745,0.99590037707584
"537",272,294,0.55603311110942,0.99590037707584
"538",490,489,0.999936657516334,1
"539",379,294,0.335760740333713,0.99590037707584
"540",341,487,0.294851263768828,0.99590037707584
"541",771,966,0.356058330485053,0.99590037707584
"542",459,402,0.170867296652409,0.99590037707584
"543",365,518,0.198101123859252,0.99590037707584
"544",271,328,0.0707520737198596,0.99590037707584
"545",893,866,0.860814488222548,1
"546",737,734,0.991658078342665,1
"547",733,726,0.936705505114879,1
"548",743,826,0.068343540541469,0.99590037707584
"549",510,695,0.285010076016281,0.99590037707584
"550",819,854,0.837005924341773,1
"551",289,258,0.427553243560563,0.99590037707584
"552",190,254,0.358009515009656,0.99590037707584
"553",484,592,0.423136477016342,0.99590037707584
"554",279,379,0.205574009144426,0.99590037707584
"555",1306,1207,0.17749967019398,0.99590037707584
"556",689,575,0.564275038624267,0.99590037707584
"557",639,508,0.0830018937655761,0.99590037707584
"558",511,492,0.756290190202995,1
"559",907,862,0.846707772180011,1
"560",885,888,0.973371062238534,1
"561",323,378,0.655901494936516,1
"562",548,884,0.0148457186297071,0.870428348091007
"563",801,620,0.259765350954907,0.99590037707584
"564",198,204,0.883726971759349,1
"565",602,444,0.304835203421108,0.99590037707584
"566",388,261,0.120473895192051,0.99590037707584
"567",2634,2670,0.961349376282496,1
"568",557,786,0.30415628284854,0.99590037707584
"569",973,1087,0.318562978154022,0.99590037707584
"570",496,591,0.0379579657723052,0.99590037707584
"571",386,361,0.531897316606034,0.99590037707584
"572",415,390,0.399953230995164,0.99590037707584
"573",816,637,0.478071398732732,0.99590037707584
"574",396,396,1,1
"575",475,472,0.950679740600966,1
"576",164,179,0.725165385913089,1
"577",591,464,0.37841346470559,0.99590037707584
"578",570,513,0.55320985270492,0.99590037707584
"579",384,425,0.326024566964092,0.99590037707584
"580",271,248,0.338370279015687,0.99590037707584
"581",293,332,0.4782849997314,0.99590037707584
"582",1504,1640,0.791927304160539,1
"583",558,418,0.181298819975647,0.99590037707584
"584",714,667,0.68587588135054,1
"585",381,340,0.171075263761524,0.99590037707584
"586",639,673,0.780821856412268,1
"587",616,567,0.492259575236802,0.99590037707584
"588",328,459,0.310905291008479,0.99590037707584
"589",478,475,0.950911742667591,1
"590",291,220,0.441134070414076,0.99590037707584
"591",166,135,0.44014329358949,0.99590037707584
"592",393,497,0.365822220482723,0.99590037707584
"593",774,721,0.40811838109503,0.99590037707584
"594",542,539,0.955940293734896,1
"595",574,722,0.149172552933969,0.99590037707584
"596",468,423,0.192404180551438,0.99590037707584
"597",972,843,0.302437590448478,0.99590037707584
"598",692,626,0.485377368603863,0.99590037707584
"599",652,743,0.463491598777784,0.99590037707584
"600",707,724,0.675069564857233,1
"601",797,745,0.281671472827254,0.99590037707584
"602",484,492,0.916683159742973,1
"603",375,247,0.0654209107815545,0.99590037707584
"604",622,731,0.609499799543528,0.99590037707584
"605",317,355,0.482289053168029,0.99590037707584
"606",454,438,0.792962587513074,1
"607",243,603,0.0217355982633519,0.941455693917085
"608",409,518,0.507175115333629,0.99590037707584
"609",601,551,0.73402958972211,1
"610",346,286,0.260451301604504,0.99590037707584
"611",140,145,0.933843046682651,1
"612",499,394,0.111932031344064,0.99590037707584
"613",490,498,0.91134101202976,1
"614",975,747,0.346624410802629,0.99590037707584
"615",971,930,0.414792748286603,0.99590037707584
"616",276,291,0.711541166776126,1
"617",521,514,0.96805709823166,1
"618",788,1010,0.0274015129861755,0.952869696432698
"619",722,841,0.462583720513874,0.99590037707584
"620",302,290,0.909002210539966,1
"621",665,749,0.245596698206504,0.99590037707584
"622",886,897,0.971759046418031,1
"623",718,674,0.813235058521943,1
"624",1097,1050,0.67990951119821,1
"625",194,204,0.873541833400453,1
"626",1145,1157,0.840989209365354,1
"627",1282,1180,0.793623411765315,1
"628",667,691,0.533106254409624,0.99590037707584
"629",785,492,0.12352075542731,0.99590037707584
"630",551,519,0.832737872691325,1
"631",918,943,0.647477727526079,1
"632",607,518,0.624298500366195,1
"633",658,827,0.303897354718958,0.99590037707584
"634",501,437,0.522225649621011,0.99590037707584
"635",434,591,0.123353643358067,0.99590037707584
"636",903,753,0.600306903250573,0.99590037707584
"637",330,344,0.783227605485295,1
"638",655,548,0.604502136589389,0.99590037707584
"639",1391,1299,0.777728136703483,1
"640",178,194,0.576161675120395,0.99590037707584
"641",984,1083,0.458301754597329,0.99590037707584
"642",712,620,0.073695900239493,0.99590037707584
"643",665,600,0.600969226406926,0.99590037707584
"644",558,535,0.740074962816348,1
"645",337,263,0.460761702774156,0.99590037707584
"646",251,428,0.0849489181425924,0.99590037707584
"647",522,469,0.751073347157961,1
"648",342,316,0.537388644198322,0.99590037707584
"649",476,447,0.795335774188675,1
"650",398,488,0.551776894614918,0.99590037707584
"651",143,259,0.0469393995435095,0.99590037707584
"652",151,219,0.0736208314274434,0.99590037707584
"653",340,286,0.489132066154992,0.99590037707584
"654",429,361,0.458053177770722,0.99590037707584
"655",923,804,0.601709753027609,0.99590037707584
"656",804,774,0.536694562354522,0.99590037707584
"657",185,194,0.719553970960445,1
"658",439,460,0.804816644994253,1
"659",1141,975,0.529688856290515,0.99590037707584
"660",387,510,0.200548184414938,0.99590037707584
"661",403,343,0.624647719920049,1
"662",730,637,0.325322158304575,0.99590037707584
"663",622,825,0.194974910179995,0.99590037707584
"664",270,309,0.599203026900154,0.99590037707584
"665",1318,1269,0.883685881870282,1
"666",800,796,0.990332051882592,1
"667",1271,1227,0.471952035582989,0.99590037707584
"668",722,341,0.0310761332054674,0.971129162670856
"669",281,262,0.503490020447289,0.99590037707584
"670",397,427,0.312803787253489,0.99590037707584
"671",272,787,0.00457488186386193,0.571860232982742
"672",992,1194,0.192812496666306,0.99590037707584
"673",227,287,0.392803421157337,0.99590037707584
"674",287,272,0.824048195957772,1
"675",889,843,0.705424279788479,1
"676",285,297,0.876166869611148,1
"677",387,364,0.820973822068722,1
"678",390,590,0.0533254236919646,0.99590037707584
"679",631,655,0.912377665265726,1
"680",853,803,0.503445646243259,0.99590037707584
"681",763,689,0.069597454025097,0.99590037707584
"682",386,351,0.38733052661487,0.99590037707584
"683",593,784,0.198702290371225,0.99590037707584
"684",263,308,0.0921372736460653,0.99590037707584
"685",386,217,0.0344141742252402,0.983262120721148
"686",613,660,0.713716708022067,1
"687",745,555,0.318317670565549,0.99590037707584
"688",648,659,0.836306510972838,1
"689",1927,1759,0.544444267270589,0.99590037707584
"690",766,736,0.61050912227253,0.99590037707584
"691",689,646,0.577496976166562,0.99590037707584
"692",520,531,0.867619543533725,1
"693",423,276,0.0999824064896643,0.99590037707584
"694",394,574,0.0293809632996868,0.952869696432698
"695",304,309,0.966203466578423,1
"696",838,814,0.599728713441819,0.99590037707584
"697",746,769,0.819071369717273,1
"698",609,616,0.898732551863181,1
"699",524,532,0.898292625920543,1
"700",923,918,0.962526493038075,1
"701",1358,1344,0.821565176801715,1
"702",516,557,0.579915561936031,0.99590037707584
"703",1802,1837,0.896921063971815,1
"704",185,238,0.167458395417642,0.99590037707584
"705",228,338,0.134784879173962,0.99590037707584
"706",810,826,0.71088087287318,1
"707",737,776,0.331695760771012,0.99590037707584
"708",397,372,0.555496190933523,0.99590037707584
"709",496,326,0.130610108268559,0.99590037707584
"710",378,354,0.78280895675886,1
"711",710,644,0.223519178338004,0.99590037707584
"712",647,699,0.511489485126921,0.99590037707584
"713",603,595,0.970558971369596,1
"714",238,242,0.897060169035493,1
"715",1009,1027,0.753267877422757,1
"716",273,395,0.170441486989299,0.99590037707584
"717",276,310,0.353803454795136,0.99590037707584
"718",857,836,0.792115771358301,1
"719",252,387,0.0594694147206924,0.99590037707584
"720",462,544,0.636676312134413,1
"721",324,466,0.307765739087279,0.99590037707584
"722",740,699,0.598451317408436,0.99590037707584
"723",1050,892,0.33995595721924,0.99590037707584
"724",589,497,0.456168263998963,0.99590037707584
"725",380,358,0.857744540907081,1
"726",290,439,0.17034343558668,0.99590037707584
"727",280,263,0.752633035530877,1
"728",971,963,0.914482749003979,1
"729",188,130,0.130205189361507,0.99590037707584
"730",252,282,0.216481277007085,0.99590037707584
"731",136,157,0.613539141030913,0.99590037707584
"732",548,454,0.470908686838663,0.99590037707584
"733",325,332,0.944290187809479,1
"734",794,947,0.404410962512276,0.99590037707584
"735",415,389,0.847498089789752,1
"736",510,419,0.499724164202995,0.99590037707584
"737",546,583,0.303741213579451,0.99590037707584
"738",317,334,0.742039157319121,1
"739",615,475,0.436752819543138,0.99590037707584
"740",91,92,0.999936657516334,1
"741",467,486,0.903504926159581,1
"742",278,288,0.730739328931542,1
"743",123,112,0.585639674556579,0.99590037707584
"744",693,566,0.290639735018059,0.99590037707584
"745",510,471,0.58494161100175,0.99590037707584
"746",787,881,0.484945300162847,0.99590037707584
"747",315,277,0.177160264350491,0.99590037707584
"748",1148,1268,0.515003697757344,0.99590037707584
"749",458,429,0.520247062677242,0.99590037707584
"750",2396,1904,0.383294166046562,0.99590037707584
"751",334,331,0.983191481096026,1
"752",394,366,0.591701858236761,0.99590037707584
"753",263,248,0.657592543294605,1
"754",1222,1378,0.615844545409892,0.99590037707584
"755",355,581,0.128844716343875,0.99590037707584
"756",1112,1107,0.963082850862458,1
"757",842,697,0.464249187010779,0.99590037707584
"758",457,428,0.352496631861118,0.99590037707584
"759",305,422,0.224365238787188,0.99590037707584
"760",759,704,0.747069461066344,1
"761",674,754,0.63681531752965,1
"762",369,291,0.359670070834585,0.99590037707584
"763",565,396,0.0821991059999951,0.99590037707584
"764",668,619,0.293919811157325,0.99590037707584
"765",335,341,0.905532740203604,1
"766",119,113,0.811088158311965,1
"767",736,679,0.67760643439825,1
"768",283,270,0.836901093453017,1
"769",505,413,0.509391496832942,0.99590037707584
"770",961,1363,0.0879333124383996,0.99590037707584
"771",554,566,0.749392815758046,1
"772",373,390,0.901740776757146,1
"773",604,528,0.633258653829671,1
"774",595,531,0.418973493937943,0.99590037707584
"775",967,874,0.130607297049272,0.99590037707584
"776",569,674,0.291170845813501,0.99590037707584
"777",568,647,0.493146989877972,0.99590037707584
"778",198,206,0.846512196217049,1
"779",552,618,0.746274617879356,1
"780",778,803,0.835709457326724,1
"781",555,546,0.963415254968489,1
"782",96,184,0.0736204346040094,0.99590037707584
"783",659,609,0.346693278838749,0.99590037707584
"784",724,655,0.406572222681766,0.99590037707584
"785",338,280,0.53349382158755,0.99590037707584
"786",767,937,0.232774153601092,0.99590037707584
"787",450,501,0.337454509085749,0.99590037707584
"788",1738,1399,0.328944614246883,0.99590037707584
"789",489,507,0.865766845123944,1
"790",232,190,0.386832990758509,0.99590037707584
"791",633,590,0.83141860959738,1
"792",383,369,0.790944165611284,1
"793",698,848,0.516614002998585,0.99590037707584
"794",697,709,0.956124183654155,1
"795",433,334,0.121408032894045,0.99590037707584
"796",1782,2372,0.104013572774174,0.99590037707584
"797",686,630,0.807870978305934,1
"798",486,518,0.496504428538584,0.99590037707584
"799",278,238,0.464766280938232,0.99590037707584
"800",419,430,0.907515172885653,1
"801",761,781,0.645732067016032,1
"802",907,1544,0.0106553448793771,0.736657485303947
"803",542,572,0.687389274726696,1
"804",253,314,0.336913599071745,0.99590037707584
"805",152,198,0.464737319090129,0.99590037707584
"806",93,167,0.0943979030443588,0.99590037707584
"807",762,855,0.736831098588856,1
"808",477,375,0.286769178810147,0.99590037707584
"809",547,542,0.922493984571521,1
"810",340,269,0.431529895561483,0.99590037707584
"811",508,642,0.507513907522614,0.99590037707584
"812",361,369,0.914428550748689,1
"813",709,795,0.373528396444592,0.99590037707584
"814",396,426,0.317867256708971,0.99590037707584
"815",925,848,0.615307759247876,0.99590037707584
"816",448,615,0.372504890423956,0.99590037707584
"817",343,319,0.583656293453867,0.99590037707584
"818",529,466,0.679268964171264,1
"819",831,541,0.145229228924215,0.99590037707584
"820",351,378,0.823736327672326,1
"821",393,401,0.955160900555015,1
"822",177,156,0.662303385840753,1
"823",722,774,0.284912504136119,0.99590037707584
"824",1158,1256,0.305887757577255,0.99590037707584
"825",416,240,0.0161728957807702,0.870428348091007
"826",688,763,0.644623617872882,1
"827",541,455,0.348349698316369,0.99590037707584
"828",207,206,0.999936657516334,1
"829",405,453,0.700001436197955,1
"830",400,455,0.34027350372679,0.99590037707584
"831",438,493,0.518656487055597,0.99590037707584
"832",384,388,0.957080159972536,1
"833",968,1049,0.293122047817485,0.99590037707584
"834",996,1698,0.100700849160151,0.99590037707584
"835",556,351,0.0893106507371431,0.99590037707584
"836",2100,1591,0.404595030032707,0.99590037707584
"837",535,584,0.152573065681358,0.99590037707584
"838",1619,1385,0.499722530949093,0.99590037707584
"839",496,434,0.583335001229176,0.99590037707584
"840",639,777,0.549207508911141,0.99590037707584
"841",314,323,0.770116534092888,1
"842",522,516,0.886487540085456,1
"843",443,491,0.463805597322179,0.99590037707584
"844",435,480,0.271732814154312,0.99590037707584
"845",443,449,0.878422741672009,1
"846",387,380,0.851049623754544,1
"847",372,585,0.0819810996232052,0.99590037707584
"848",457,464,0.886425236581496,1
"849",928,963,0.848554419104977,1
"850",1279,1223,0.460961869307224,0.99590037707584
"851",839,834,0.922460538613747,1
"852",709,698,0.956390983159297,1
"853",418,414,0.917358252058655,1
"854",346,295,0.597891466166035,0.99590037707584
"855",249,264,0.688322675107754,1
"856",272,212,0.453195820245987,0.99590037707584
"857",700,595,0.527290726588879,0.99590037707584
"858",506,396,0.0342769428129641,0.983262120721148
"859",155,178,0.286490554278452,0.99590037707584
"860",499,523,0.507297602134156,0.99590037707584
"861",1326,1391,0.678177926295981,1
"862",455,357,0.326630306153881,0.99590037707584
"863",755,858,0.52306696576604,0.99590037707584
"864",590,567,0.683774872421622,1
"865",272,293,0.699197877842715,1
"866",1146,1046,0.173942854919874,0.99590037707584
"867",967,844,0.46767605661773,0.99590037707584
"868",749,573,0.271522076512427,0.99590037707584
"869",399,336,0.433141618517578,0.99590037707584
"870",392,383,0.811549509695993,1
"871",575,450,0.30066654989521,0.99590037707584
"872",1192,1083,0.643617443707332,1
"873",729,874,0.5523996692112,0.99590037707584
"874",169,188,0.386297878933872,0.99590037707584
"875",144,155,0.749690441236947,1
"876",315,460,0.187121018180762,0.99590037707584
"877",425,404,0.820155418207649,1
"878",185,212,0.593000054758929,0.99590037707584
"879",485,537,0.166449459110212,0.99590037707584
"880",567,402,0.239382761214785,0.99590037707584
"881",629,608,0.847039921031058,1
"882",213,233,0.368511711699476,0.99590037707584
"883",363,320,0.376947559084721,0.99590037707584
"884",108,91,0.584337870851123,0.99590037707584
"885",249,254,0.946342555179074,1
"886",805,1274,0.0938410759245833,0.99590037707584
"887",520,651,0.232102236360555,0.99590037707584
"888",345,392,0.719693047364348,1
"889",503,525,0.764556433701005,1
"890",341,286,0.534249078264152,0.99590037707584
"891",294,318,0.552100600726125,0.99590037707584
"892",598,626,0.752102515025247,1
"893",329,426,0.389576705128174,0.99590037707584
"894",181,181,1,1
"895",583,768,0.0841955394064655,0.99590037707584
"896",603,312,0.0667482527413476,0.99590037707584
"897",581,545,0.647548427111385,1
"898",786,1026,0.240424676392578,0.99590037707584
"899",246,210,0.524970189588056,0.99590037707584
"900",636,581,0.780709827431658,1
"901",180,220,0.065967060988353,0.99590037707584
"902",760,839,0.235875739869464,0.99590037707584
"903",639,585,0.719228240359132,1
"904",291,261,0.344262976797868,0.99590037707584
"905",741,499,0.104183739578432,0.99590037707584
"906",591,739,0.378339476700272,0.99590037707584
"907",198,134,0.174849002647171,0.99590037707584
"908",2065,1803,0.693516629308745,1
"909",478,457,0.886110382600214,1
"910",646,507,0.419231277174887,0.99590037707584
"911",1044,1228,0.079414202774922,0.99590037707584
"912",651,622,0.878388846503245,1
"913",239,321,0.337947520233825,0.99590037707584
"914",1095,1092,0.96974414777331,1
"915",403,376,0.804499720573348,1
"916",927,1185,0.135071717140384,0.99590037707584
"917",261,181,0.206520953710613,0.99590037707584
"918",248,325,0.0623919251435889,0.99590037707584
"919",620,516,0.385407401930541,0.99590037707584
"920",331,541,0.127998047865923,0.99590037707584
"921",227,256,0.337289356840267,0.99590037707584
"922",108,185,0.128529751700642,0.99590037707584
"923",315,364,0.27147857280166,0.99590037707584
"924",180,239,0.431096759779932,0.99590037707584
"925",492,593,0.454879614723064,0.99590037707584
"926",366,341,0.667378313857899,1
"927",253,196,0.439710052817477,0.99590037707584
"928",167,197,0.465190820475392,0.99590037707584
"929",870,907,0.809274928680811,1
"930",773,708,0.793672012596829,1
"931",579,600,0.838245155648098,1
"932",383,351,0.633444528737972,1
"933",377,398,0.477172276275442,0.99590037707584
"934",791,1392,0.0030435065107317,0.434786644390243
"935",1339,1219,0.655948028243509,1
"936",788,726,0.760805464921298,1
"937",916,723,0.0808714592616555,0.99590037707584
"938",386,421,0.386578199716537,0.99590037707584
"939",733,747,0.939041458356822,1
"940",1430,1226,0.622955814737242,1
"941",523,518,0.97328928210593,1
"942",679,654,0.529318888652047,0.99590037707584
"943",353,322,0.474547730492143,0.99590037707584
"944",1412,1108,0.245307513615725,0.99590037707584
"945",392,346,0.713081498719048,1
"946",982,1091,0.676091427110003,1
"947",339,290,0.528222508450215,0.99590037707584
"948",723,945,0.288475364330046,0.99590037707584
"949",405,423,0.68885966178172,1
"950",514,624,0.547574631922917,0.99590037707584
"951",1038,866,0.169010203266843,0.99590037707584
"952",905,849,0.803881842954343,1
"953",422,386,0.751045108021786,1
"954",513,1821,0.00156296661502207,0.434786644390243
"955",870,746,0.646896343258172,1
"956",453,461,0.836272852577441,1
"957",641,696,0.699595226932265,1
"958",863,673,0.279520139205495,0.99590037707584
"959",1647,1671,0.709526181472128,1
"960",161,203,0.491180606692157,0.99590037707584
"961",267,272,0.869147261283691,1
"962",784,806,0.754570468994643,1
"963",736,710,0.85104341635503,1
"964",178,204,0.642069379626494,1
"965",590,492,0.311866221111704,0.99590037707584
"966",447,328,0.197929178010494,0.99590037707584
"967",536,539,0.951879510512555,1
"968",467,399,0.573280716358204,0.99590037707584
"969",1688,1644,0.741501733298324,1
"970",762,833,0.491184357493283,0.99590037707584
"971",988,907,0.107203779425471,0.99590037707584
"972",269,275,0.870765256631138,1
"973",311,459,0.0961680612815458,0.99590037707584
"974",278,397,0.142303667320954,0.99590037707584
"975",584,769,0.335323915489534,0.99590037707584
"976",292,443,0.110198219721016,0.99590037707584
"977",883,895,0.801673748913969,1
"978",788,726,0.800949624765881,1
"979",913,999,0.734736885210982,1
"980",494,502,0.93220229132928,1
"981",825,832,0.949350380408383,1
"982",389,386,0.951159516572304,1
"983",253,257,0.97110548603869,1
"984",217,255,0.310292477820344,0.99590037707584
"985",616,603,0.916096971299107,1
"986",801,1014,0.31229953432953,0.99590037707584
"987",442,472,0.842015310085289,1
"988",196,255,0.312602093850878,0.99590037707584
"989",821,777,0.858017527006709,1
"990",566,524,0.680252455276645,1
"991",300,377,0.227171887258788,0.99590037707584
"992",869,766,0.415972584652846,0.99590037707584
"993",506,506,1,1
"994",1041,797,0.382692041627594,0.99590037707584
"995",274,342,0.11469154582611,0.99590037707584
"996",425,417,0.943126824829275,1
"997",860,892,0.47781620486176,0.99590037707584
"998",275,257,0.462286300729187,0.99590037707584
"999",362,350,0.778582138987067,1
"1000",986,1154,0.645260708678216,1
